"1","1000-00-00","AKTIVA","101-A","0","10","2024","0","0","O","A","1",,"1",,NULL,,NULL,"0",NULL
"2","1100-00-00","Aktiva Lancar","101-A","0","10","2024","0","0","O","A","2",,"1",,NULL,,NULL,"0",NULL
"3","1101-00-00","Kas & Setara Kas","101-A","0","10","2024","0","0","O","A","3",,"1",,NULL,,NULL,"0",NULL
"4","1101-01-00","Kas","101-A","0","10","2024","0","0","O","A","4",,"1",,NULL,,NULL,"0",NULL
"5","1101-01-01","PETTY CASH - FACTORY","101-A","0","10","2024","0","0","O","A","5",,"1",,NULL,,NULL,"0",NULL
"6","1101-01-02","PETTY CASH - OFFICE","101-A","0","10","2024","0","0","O","A","5",,"1",,NULL,,NULL,"0",NULL
"7","1101-02-00","BANK","101-A","0","10","2024","0","0","O","A","3",,"1",,NULL,,NULL,"0",NULL
"8","1101-02-00","BANK","101-A","0","10","2024","0","0","O","A","4",,"1",,NULL,,NULL,"0",NULL
"9","1101-02-01","OCBC NISP - IDR (Mcy) 103-8100-4848-0","101-A","0","10","2024","0","0","O","A","5",,"1",,NULL,,NULL,"0",NULL
"10","1101-02-02","OCBC NISP - USD (Mcy) 103-8100-4848-0","101-A","0","10","2024","0","0","O","A","5",,"1",,NULL,,NULL,"0",NULL
"11","1101-02-03","OCBC NISP - JPY (Mcy) 103-8100-4848-0","101-A","0","10","2024","0","0","O","A","5",,"1",,NULL,,NULL,"0",NULL
"12","1101-02-04","OCBC NISP IDR (GIRO) 103-8000-0040-0","101-A","0","10","2024","0","0","O","A","5",,"1",,NULL,,NULL,"0",NULL
"13","1101-02-05","BANK OF CENTRAL ASIA IN RUPIAH","101-A","0","10","2024","0","0","O","A","5",,"1",,NULL,,NULL,"0",NULL
"14","1101-02-06","BANK OF CENTRAL ASIA IN US DOLLAR","101-A","0","10","2024","0","0","O","A","5",,"1",,NULL,,NULL,"0",NULL
"15","1101-02-07","PERMATA BANK - IDR 8808-0017-156-1780-7","101-A","0","10","2024","0","0","O","A","5",,"1",,NULL,,NULL,"0",NULL
"16","1101-02-08","MAY BANK - IDR 2001000198","101-A","0","10","2024","0","0","O","A","5",,"1",,NULL,,NULL,"0",NULL
"17","1101-02-09","MAY BANK - USD 2001000093","101-A","0","10","2024","0","0","O","A","5",,"1",,NULL,,NULL,"0",NULL
"18","1101-03-00","REMMITANCE IN TRANSIT","101-A","0","10","2024","0","0","O","A","4",,"1",,NULL,,NULL,"0",NULL
"19","1101-03-01","REMMITANCE IN TRANSIT","101-A","0","10","2024","0","0","O","A","5",,"1",,NULL,,NULL,"0",NULL
"20","1102-00-00","RECEIVABLE","101-A","0","10","2024","0","0","O","A","3",,"1",,NULL,,NULL,"0",NULL
"21","1102-01-00","ACCOUNT RECEIVABLE","101-A","0","10","2024","0","0","O","A","4",,"1",,NULL,,NULL,"0",NULL
"22","1102-01-01","ACCOUNT RECEIVABLE - IDR","101-A","0","10","2024","0","0","O","A","5",,"1",,NULL,,NULL,"0",NULL
"23","1102-01-02","ACCOUNT RECEIVABLE - USD","101-A","0","10","2024","0","0","O","A","5",,"1",,NULL,,NULL,"0",NULL
"24","1102-01-03","ALLOWANCE FOR BAD DEBT EXPENSE","101-A","0","10","2024","0","0","O","A","5",,"1",,NULL,,NULL,"0",NULL
"25","1103-00-00","ADVANCE PURCHASE","101-A","0","10","2024","0","0","O","A","4",,"1",,NULL,,NULL,"0",NULL
"26","1103-01-00","ADVANCE PURCHASE","101-A","0","10","2024","0","0","O","A","5",,"1",,NULL,,NULL,"0",NULL
"27","1103-01-01","ADVANCE PURCHASE - IDR","101-A","0","10","2024","0","0","O","A","5",,"1",,NULL,,NULL,"0",NULL
"28","1103-01-02","ADVANCE PURCHASE - USD","101-A","0","10","2024","0","0","O","A","5",,"1",,NULL,,NULL,"0",NULL
"29","1103-01-03","ADVANCE PURCHASE - JPY","101-A","0","10","2024","0","0","O","A","5",,"1",,NULL,,NULL,"0",NULL
"30","1104-00-00","OTHER RECEIVABLE","101-A","0","10","2024","0","0","O","A","3",,"1",,NULL,,NULL,"0",NULL
"31","1104-00-01","OTHER RECEIVABLE","101-A","0","10","2024","0","0","O","A","4",,"1",,NULL,,NULL,"0",NULL
"32","1104-01-01","EMPLOYEE LOAN","101-A","0","10","2024","0","0","O","A","5",,"1",,NULL,,NULL,"0",NULL
"33","1104-01-02","INTEREST RECEIVABLE","101-A","0","10","2024","0","0","O","A","5",,"1",,NULL,,NULL,"0",NULL
"34","1104-01-04","OTHER RECEIVABLE","101-A","0","10","2024","0","0","O","A","5",,"1",,NULL,,NULL,"0",NULL
"35","1105-00-00","INVENTORIES","101-A","0","10","2024","0","0","O","A","3",,"1",,NULL,,NULL,"0",NULL
"36","1105-01-00","INVENTORY - RAW MATERIAL","101-A","0","10","2024","0","0","O","A","4",,"1",,NULL,,NULL,"0",NULL
"37","1105-01-01","INVENTORY RM - BSR","101-A","0","10","2024","0","0","O","A","5",,"1",,NULL,,NULL,"0",NULL
"38","1105-01-02","INVENTORY RM - PBS","101-A","0","10","2024","0","0","O","A","5",,"1",,NULL,,NULL,"0",NULL
"39","1105-01-03","INVENTORY RM - SUS","101-A","0","10","2024","0","0","O","A","5",,"1",,NULL,,NULL,"0",NULL
"40","1105-01-04","INVENTORY RM - CU","101-A","0","10","2024","0","0","O","A","5",,"1",,NULL,,NULL,"0",NULL
"41","1105-01-05","INVENTORY RM - STEEL","101-A","0","10","2024","0","0","O","A","5",,"1",,NULL,,NULL,"0",NULL
"42","1105-01-06","GOODS IN TRANSIT","101-A","0","10","2024","0","0","O","A","5",,"1",,NULL,,NULL,"0",NULL
"43","1105-02-00","INVENTORY - WORK IN PROCESS","101-A","0","10","2024","0","0","O","A","4",,"1",,NULL,,NULL,"0",NULL
"44","1105-02-01","INVENTORY - WORK IN PROCESS","101-A","0","10","2024","0","0","O","A","5",,"1",,NULL,,NULL,"0",NULL
"45","1105-02-02","INVENTORY - WIP","101-A","0","10","2024","0","0","O","A","5",,"1",,NULL,,NULL,"0",NULL
"46","1105-03-00","INVENTORY - FINISHED GOODS","101-A","0","10","2024","0","0","O","A","4",,"1",,NULL,,NULL,"0",NULL
"47","1105-03-01","INVENTORY FGS - BSR","101-A","0","10","2024","0","0","O","A","5",,"1",,NULL,,NULL,"0",NULL
"48","1105-03-02","INVENTORY FGS - PBS","101-A","0","10","2024","0","0","O","A","5",,"1",,NULL,,NULL,"0",NULL
"49","1105-03-03","INVENTORY FGS - SUS","101-A","0","10","2024","0","0","O","A","5",,"1",,NULL,,NULL,"0",NULL
"50","1105-03-04","INVENTORY FGS - CU","101-A","0","10","2024","0","0","O","A","5",,"1",,NULL,,NULL,"0",NULL
"51","1105-03-05","INVENTORY FGS - STEEL","101-A","0","10","2024","0","0","O","A","5",,"1",,NULL,,NULL,"0",NULL
"52","1105-03-06","INVENTORY FGS - BSR SQUARE BAR","101-A","0","10","2024","0","0","O","A","5",,"1",,NULL,,NULL,"0",NULL
"53","1105-04-00","INVENTORY - SUBCON ITEM","101-A","0","10","2024","0","0","O","A","5",,"1",,NULL,,NULL,"0",NULL
"54","1105-04-01","INVENTORY - SUBCON","101-A","0","10","2024","0","0","O","A","5",,"1",,NULL,,NULL,"0",NULL
"55","1105-05-00","MISC. INVENTORY","101-A","0","10","2024","0","0","O","A","4",,"1",,NULL,,NULL,"0",NULL
"56","1105-05-01","SPARE PARTS INVENTORIES","101-A","0","10","2024","0","0","O","A","5",,"1",,NULL,,NULL,"0",NULL
"57","1105-05-02","SCRAP INVENTORIES","101-A","0","10","2024","0","0","O","A","5",,"1",,NULL,,NULL,"0",NULL
"58","1105-05-03","NG INVENTORY","101-A","0","10","2024","0","0","O","A","5",,"1",,NULL,,NULL,"0",NULL
"59","1105-05-04","OTHER INVENTORIES","101-A","0","10","2024","0","0","O","A","5",,"1",,NULL,,NULL,"0",NULL
"60","1105-06-00","ALLOW OF SLOW MOVING INVENTORIES","101-A","0","10","2024","0","0","O","A","4",,"1",,NULL,,NULL,"0",NULL
"61","1105-06-01","ALLOW OF SLOW MOVING INVENTORIES","101-A","0","10","2024","0","0","O","A","5",,"1",,NULL,,NULL,"0",NULL
"62","1105-07-00","SUPPLIES","101-A","0","10","2024","0","0","O","A","4",,"1",,NULL,,NULL,"0",NULL
"63","1105-07-01","SUPPLIES - PALLETS","101-A","0","10","2024","0","0","O","A","5",,"1",,NULL,,NULL,"0",NULL
"64","1105-07-02","SUPPLIES - CARTONS","101-A","0","10","2024","0","0","O","A","5",,"1",,NULL,,NULL,"0",NULL
"65","1105-07-03","OTHER SUPPLIES","101-A","0","10","2024","0","0","O","A","5",,"1",,NULL,,NULL,"0",NULL
"66","1107-00-00","PREPAID EXPENSES","101-A","0","10","2024","0","0","O","A","3",,"1",,NULL,,NULL,"0",NULL
"67","1107-01-00","PREPAID EXPENSES","101-A","0","10","2024","0","0","O","A","4",,"1",,NULL,,NULL,"0",NULL
"68","1107-01-01","PREPAID EXPENSES","101-A","0","10","2024","0","0","O","A","5",,"1",,NULL,,NULL,"0",NULL
"69","1108-00-00","ADVANCE PAYMENT","101-A","0","10","2024","0","0","O","A","3",,"1",,NULL,,NULL,"0",NULL
"70","1108-01-00","ADVANCE PAYMENT","101-A","0","10","2024","0","0","O","A","4",,"1",,NULL,,NULL,"0",NULL
"71","1108-01-01","ADVANCE PAYMENT - IDR","101-A","0","10","2024","0","0","O","A","5",,"1",,NULL,,NULL,"0",NULL
"72","1108-01-02","ADVANCE PAYMENT - USD","101-A","0","10","2024","0","0","O","A","5",,"1",,NULL,,NULL,"0",NULL
"73","1109-00-00","PREPAID TAX","101-A","0","10","2024","0","0","O","A","3",,"1",,NULL,"0",NULL,"0",NULL
"74","1109-01-00","PREPAID TAX","101-A","0","10","2024","0","0","O","A","4",,"1",,NULL,,NULL,"0",NULL
"75","1109-01-01","PREPAID TAX - ARTICLE 21","101-A","0","10","2024","0","0","O","A","5",,"1",,NULL,,NULL,"0",NULL
"76","1109-01-02","PREPAID TAX - ARTICLE 22 IMPORT","101-A","0","10","2024","0","0","O","A","5",,"1",,NULL,,NULL,"0",NULL
"77","1109-01-03","PREPAID TAX - ARTICLE 23/26","101-A","0","10","2024","0","0","O","A","5",,"1",,NULL,,NULL,"0",NULL
"78","1109-01-04","PREPAID TAX - ARTICLE 25","101-A","0","10","2024","0","0","O","A","5",,"1",,NULL,,NULL,"0",NULL
"79","1109-01-05","PREPAID TAX - ARTICLE 28A","101-A","0","10","2024","0","0","O","A","5",,"1",,NULL,,NULL,"0",NULL
"80","1109-01-06","PREPAID VALUE ADDED TAX","101-A","0","10","2024","0","0","O","A","5",,"1",,NULL,,NULL,"0",NULL
"81","1109-01-07","PREPAID TAX - IMPORT DUTY","101-A","0","10","2024","0","0","O","A","5",,"1",,NULL,,NULL,"0",NULL
"82","1110-00-00","RIGHT OF USE ASSETS","101-A","0","10","2024","0","0","O","A","3",,"1",,NULL,,NULL,"0",NULL
"83","1110-01-00","RIGHT OF USE ASSETS","101-A","0","10","2024","0","0","O","A","4",,"1",,NULL,,NULL,"0",NULL
"84","1110-01-01","COST OF RIGHT OF USE ASSETS","101-A","0","10","2024","0","0","O","A","5",,"1",,NULL,,NULL,"0",NULL
"85","1110-02-00","ACCUMULATED DEPRECIATION RIGHT OF USE ASSETS","101-A","0","10","2024","0","0","O","A","4",,"1",,NULL,,NULL,"0",NULL
"86","1110-02-01","ACCUMULATED DEPRECIATION RIGHT OF USE ASSETS","101-A","0","10","2024","0","0","O","A","5",,"1",,NULL,,NULL,"0",NULL
"87","1300-00-00","FIXED ASSETS","101-A","0","10","2024","0","0","O","A","2",,"1",,NULL,,NULL,"0",NULL
"88","1301-00-00","LAND","101-A","0","10","2024","0","0","O","A","3",,"1",,NULL,,NULL,"0",NULL
"89","1301-01-00","LAND","101-A","0","10","2024","0","0","O","A","4",,"1",,NULL,,NULL,"0",NULL
"90","1301-01-01","COST OF LAND","101-A","0","10","2024","0","0","O","A","5",,"1",,NULL,,NULL,"0",NULL
"91","1302-00-00","BUILDING","101-A","0","10","2024","0","0","O","A","3",,"1",,NULL,,NULL,"0",NULL
"92","1302-01-00","BUILDING","101-A","0","10","2024","0","0","O","A","4",,"1",,NULL,,NULL,"0",NULL
"93","1302-01-01","COST OF PROPERTY/BUILDING","101-A","0","10","2024","0","0","O","A","5",,"1",,NULL,,NULL,"0",NULL
"94","1303-00-00","MACHINES","101-A","0","10","2024","0","0","O","A","3",,"1",,NULL,,NULL,"0",NULL
"95","1303-01-00","MACHINES","101-A","0","10","2024","0","0","O","A","4",,"1",,NULL,,NULL,"0",NULL
"96","1303-01-01","COST OF MACHINES","101-A","0","10","2024","0","0","O","A","5",,"1",,NULL,,NULL,"0",NULL
"97","1304-00-00","PRODUCTION TOOLS","101-A","0","10","2024","0","0","O","A","3",,"1",,NULL,,NULL,"0",NULL
"98","1304-01-00","PRODUCTION TOOLS","101-A","0","10","2024","0","0","O","A","4",,"1",,NULL,,NULL,"0",NULL
"99","1304-01-01","COST OF PRODUCTION TOOLS","101-A","0","10","2024","0","0","O","A","5",,"1",,NULL,,NULL,"0",NULL
"100","1305-00-00","OFFICE EQUIPMENT","101-A","0","10","2024","0","0","O","A","3",,"1",,NULL,,NULL,"0",NULL
"101","1305-01-00","OFFICE EQUIPMENT","101-A","0","10","2024","0","0","O","A","4",,"1",,NULL,,NULL,"0",NULL
"102","1305-01-01","COST OF OFFICE EQUIPMENT","101-A","0","10","2024","0","0","O","A","5",,"1",,NULL,,NULL,"0",NULL
"103","1306-00-00","VEHICLES","101-A","0","10","2024","0","0","O","A","3",,"1",,NULL,,NULL,"0",NULL
"104","1306-01-00","VEHICLES","101-A","0","10","2024","0","0","O","A","4",,"1",,NULL,,NULL,"0",NULL
"105","1306-01-01","COST OF VEHICLES","101-A","0","10","2024","0","0","O","A","5",,"1",,NULL,,NULL,"0",NULL
"106","1310-00-00","ACCUMULATED DEPRECIATION","101-A","0","10","2024","0","0","O","A","3",,"1",,NULL,,NULL,"0",NULL
"107","1310-01-00","ACCUMULATED DEPRECIATION","101-A","0","10","2024","0","0","O","A","4",,"1",,NULL,,NULL,"0",NULL
"108","1310-01-01","ACCUM DEPR - PROPERTY/BUILDING","101-A","0","10","2024","0","0","O","A","5",,"1",,NULL,,NULL,"0",NULL
"109","1310-01-02","ACCUM DEPR - MACHINES","101-A","0","10","2024","0","0","O","A","5",,"1",,NULL,,NULL,"0",NULL
"110","1310-01-03","ACCUM DEPR - PRODUCTION TOOLS","101-A","0","10","2024","0","0","O","P","5",,"-1",,NULL,,NULL,"0",NULL
"111","1310-01-04","ACCUM DEPR - OFFICE EQUIPMENTS","101-A","0","10","2024","0","0","O","P","5",,"-1",,NULL,,NULL,"0",NULL
"112","1310-01-05","ACCUM DEPR - VEHICLES","101-A","0","10","2024","0","0","O","P","5",,"-1",,NULL,,NULL,"0",NULL
"113","1310-01-06","ACCUM DEPR. VEHICLES LEASING","101-A","0","10","2024","0","0","O","P","5",,"-1",,NULL,,NULL,"0",NULL
"114","1320-00-00","OTHER ASSETS","101-A","0","10","2024","0","0","O","P","3",,"-1",,NULL,,NULL,"0",NULL
"115","1320-04-00","DEFERRED TAX ASSETS","101-A","0","10","2024","0","0","O","P","4",,"-1",,NULL,,NULL,"0",NULL
"116","1320-04-01","DEFERRED TAX ASSETS","101-A","0","10","2024","0","0","O","P","5",,"-1",,NULL,,NULL,"0",NULL
"117","1320-06-00","INVESTMENT","101-A","0","10","2024","0","0","O","P","4",,"-1",,NULL,,NULL,"0",NULL
"118","1320-06-01","INVESTMENT - REKSADANA PREMIER PERMATA PROTEKSI","101-A","0","10","2024","0","0","O","P","5",,"-1",,NULL,,NULL,"0",NULL
"119","1320-06-02","INVESTMENT - BCA FR0090","101-A","0","10","2024","0","0","O","P","5",,"-1",,NULL,,NULL,"0",NULL
"120","1320-06-03","INVESTMENT - BCA FR0082","101-A","0","10","2024","0","0","O","P","5",,"-1",,NULL,,NULL,"0",NULL
"121","2000-00-00","LIABILITIES","101-A","0","10","2024","0","0","O","P","1",,"-1",,NULL,,NULL,"0",NULL
"122","2100-00-00","CURRENT LIABILITIES","101-A","0","10","2024","0","0","O","P","2",,"-1",,NULL,,NULL,"0",NULL
"123","2101-00-00","ACCOUNT PAYABLE","101-A","0","10","2024","0","0","O","P","3",,"-1",,NULL,,NULL,"0",NULL
"124","2101-01-00","ACCOUNT PAYABLE","101-A","0","10","2024","0","0","O","P","4",,"-1",,NULL,,NULL,"0",NULL
"125","2101-01-01","ACCOUNT PAYABLE - TRADE IDR","101-A","0","10","2024","0","0","O","P","5",,"-1",,NULL,,NULL,"0",NULL
"126","2101-01-02","ACCOUNT PAYABLE - TRADE USD","101-A","0","10","2024","0","0","O","P","5",,"-1",,NULL,,NULL,"0",NULL
"127","2101-01-03","ACCOUNT PAYABLE - TRADE JPY","101-A","0","10","2024","0","0","O","P","5",,"-1",,NULL,,NULL,"0",NULL
"128","2102-00-00","BANK LOAN","101-A","0","10","2024","0","0","O","P","3",,"-1",,NULL,,NULL,"0",NULL
"129","2102-01-00","BANK LOAN","101-A","0","10","2024","0","0","O","P","4",,"-1",,NULL,,NULL,"0",NULL
"130","2102-01-01","BANK LOAN - OCBC NISP BANK","101-A","0","10","2024","0","0","O","P","5",,"-1",,NULL,,NULL,"0",NULL
"131","2103-00-00","DIVIDEND PAYABLE","101-A","0","10","2024","0","0","O","P","3",,"-1",,NULL,,NULL,"0",NULL
"132","2103-01-00","DIVIDEND PAYABLE","101-A","0","10","2024","0","0","O","P","4",,"-1",,NULL,,NULL,"0",NULL
"133","2103-01-01","DIVIDEND PAYABLE","101-A","0","10","2024","0","0","O","P","5",,"-1",,NULL,,NULL,"0",NULL
"134","2104-00-00","A/P - OTHERS","101-A","0","10","2024","0","0","O","P","3",,"-1",,NULL,,NULL,"0",NULL
"135","2104-01-00","A/P - OTHERS","101-A","0","10","2024","0","0","O","P","4",,"-1",,NULL,,NULL,"0",NULL
"136","2104-01-01","A/P - OTHERS (MAURA TADAO)","101-A","0","10","2024","0","0","O","P","5",,"-1",,NULL,,NULL,"0",NULL
"137","2104-01-02","A/P - OTHERS (HARRY WIDJAJA)","101-A","0","10","2024","0","0","O","P","5",,"-1",,NULL,,NULL,"0",NULL
"138","2104-01-03","A/P - OTHERS (KAZUHIKO MAKIMURA)","101-A","0","10","2024","0","0","O","P","5",,"-1",,NULL,"0",NULL,"0",NULL
"139","2104-01-04","A/P - OTHERS (AMIR ANTHOLIS)","101-A","0","10","2024","0","0","O","P","5",,"-1",,NULL,,NULL,"0",NULL
"140","2104-01-05","A/P - OTHERS (PANATA KUSUMA)","101-A","0","10","2024","0","0","O","P","5",,"-1",,NULL,"0",NULL,"0",NULL
"141","2104-01-06","A/P - OTHERS (CHO YONG RAE)","101-A","0","10","2024","0","0","O","P","5",,"-1",,NULL,,NULL,"0",NULL
"142","2105-00-00","ADVANCE SALES","101-A","0","10","2024","0","0","O","P","3",,"-1",,NULL,"0",NULL,"0",NULL
"143","2105-01-00","ADVANCE SALES","101-A","0","10","2024","0","0","O","P","4",,"-1",,NULL,,NULL,"0",NULL
"144","2105-01-01","ADVANCE SALES","101-A","0","10","2024","0","0","O","P","5",,"-1",,NULL,"0",NULL,"0",NULL
"145","2106-00-00","UNBILLED PURCHASE","101-A","0","10","2024","0","0","O","P","3",,"-1",,NULL,,NULL,"0",NULL
"146","2106-01-00","UNBILLED PURCHASE","101-A","0","10","2024","0","0","O","P","4",,"-1",,NULL,,NULL,"0",NULL
"147","2106-01-01","UNBILLED PURCHASE","101-A","0","10","2024","0","0","O","P","5",,"-1",,NULL,"0",NULL,"0",NULL
"148","2107-00-00","ACCRUED EXPENSES","101-A","0","10","2024","0","0","O","P","3",,"-1",,NULL,,NULL,"0",NULL
"149","2107-01-00","ACCRUED EXPENSES","101-A","0","10","2024","0","0","O","P","4",,"-1",,NULL,,NULL,"0",NULL
"150","2107-01-01","ACCRUED EXPENSES IDR","101-A","0","10","2024","0","0","O","P","5",,"-1",,NULL,,NULL,"0",NULL
"151","2107-01-02","ACCRUED EXPENSES US$","101-A","0","10","2024","0","0","O","P","5",,"-1",,NULL,,NULL,"0",NULL
"152","2108-00-00","TAX PAYABLE","101-A","0","10","2024","0","0","O","P","3",,"-1",,NULL,,NULL,"0",NULL
"153","2108-01-00","TAX PAYABLE","101-A","0","10","2024","0","0","O","P","4",,"-1",,NULL,,NULL,"0",NULL
"154","2108-01-01","ACCRUED TAX - ARTICLE 21","101-A","0","10","2024","0","0","O","P","5",,"-1",,NULL,,NULL,"0",NULL
"155","2108-01-02","ACCRUED TAX - ARTICLE 23/26","101-A","0","10","2024","0","0","O","P","5",,"-1",,NULL,,NULL,"0",NULL
"156","2108-01-03","VALUE ADDED TAX - OUT","101-A","0","10","2024","0","0","O","P","5",,"-1",,NULL,,NULL,"0",NULL
"157","2108-01-04","ACCRUED TAX - IMPORT DUTY","101-A","0","10","2024","0","0","O","P","5",,"-1",,NULL,,NULL,"0",NULL
"158","2108-01-05","ACCRUED TAX - ARTICLE 29","101-A","0","10","2024","0","0","O","P","5",,"-1",,NULL,,NULL,"0",NULL
"159","2108-01-06","ACCRUED TAX - ARTICLE 25","101-A","0","10","2024","0","0","O","P","5",,"-1",,NULL,,NULL,"0",NULL
"160","2108-01-07","ACCRUED TAX - ARTICLE 4 (2)","101-A","0","10","2024","0","0","O","P","5",,"-1",,NULL,"0",NULL,"0",NULL
"161","2109-00-00","CURRENT PORTION OF OBLIGATION UNDER CAPITAL","101-A","0","10","2024","0","0","O","P","3",,"-1",,NULL,,NULL,"0",NULL
"162","2109-01-00","CURRENT PORTION OF OBLIGATION UNDER CAPITAL","101-A","0","10","2024","0","0","O","P","4",,"-1",,NULL,"0",NULL,"0",NULL
"163","2109-01-01","CURRENT PORTION OF OBLIGATION UNDER CAPITAL","101-A","0","10","2024","0","0","O","P","5",,"-1",,NULL,,NULL,"0",NULL
"164","2110-00-00","ADVANCES RECEIVED FROM SHARES SUBSCRIPTION","101-A","0","10","2024","0","0","O","P","3",,NULL,,NULL,,NULL,"0",NULL
"165","2110-01-00","ADVANCES RECEIVED FROM SHARES SUBSCRIPTION","101-A","0","10","2024","0","0","O","P","4",,NULL,,NULL,"0",NULL,"0",NULL
"166","2110-01-01","ADVANCES RECEIVED FROM SHARES SUBSCRIPTION","101-A","0","10","2024","0","0","O","P","5",,NULL,,NULL,,NULL,"0",NULL
"167","2111-01-01","DEFERRED TAX LIABILITIES","101-A","0","10","2024","0","0","O","P","3",,NULL,,NULL,"0",NULL,"0",NULL
"168","2111-01-00","DEFERRED TAX LIABILITIES","101-A","0","10","2024","0","0","O","P","4",,"-1",,NULL,,NULL,"0",NULL
"169","2111-01-01","DEFERRED TAX LIABILITIES","101-A","0","10","2024","0","0","O","P","5",,NULL,,NULL,,NULL,"0",NULL
"170","2200-00-00","LONG TERM LIABILITIES","101-A","0","10","2024","0","0","O","P","2",,NULL,,NULL,"0",NULL,"0",NULL
"171","2201-00-00","OBLIGATION UNDER CAPITAL LEASE","101-A","0","10","2024","0","0","O","P","3",,NULL,,NULL,,NULL,"0",NULL
"172","2201-01-01","OBLIGATION UNDER CAPITAL LEASE","101-A","0","10","2024","0","0","O","P","4",,NULL,,NULL,"0",NULL,"0",NULL
"173","2201-01-01","OBLIGATION UNDER CAPITAL LEASE","101-A","0","10","2024","0","0","O","P","5",,"-1",,NULL,,NULL,"0",NULL
"174","2202-00-00","BANK LOAN - LONG TERM","101-A","0","10","2024","0","0","O","PDR","3",,"-1",,NULL,,NULL,"0",NULL
"175","2202-01-00","BANK LOAN - LONG TERM","101-A","0","10","2024","0","0","O","PDR","4",,"-1",,NULL,,NULL,"0",NULL
"176","2202-01-01","BANK LOAN - LONG TERM","101-A","0","10","2024","0","0","O","PDR","5",,"-1",,NULL,,NULL,"0",NULL
"177","2203-00-00","POST-EMPLOYMENT BENEFIT OBLIGATION","101-A","0","10","2024","0","0","O","PDR","3",,"-1",,NULL,,NULL,"0",NULL
"178","2203-01-00","POST-EMPLOYMENT BENEFIT OBLIGATION","101-A","0","10","2024","0","0","O","PDR","4",,"-1",,NULL,,NULL,"0",NULL
"179","2203-01-01","POST-EMPLOYMENT BENEFIT OBLIGATION","101-A","0","10","2024","0","0","O","PDR","5",,"-1",,NULL,,NULL,"0",NULL
"180","3000-00-00","EQUITY","101-A","0","10","2024","0","0","O","PDR","1",,"-1",,NULL,,NULL,"0",NULL
"181","3100-00-00","EQUITY","101-A","0","10","2024","0","0","O","PDR","2",,"-1",,NULL,,NULL,"0",NULL
"182","3101-00-00","PAID UP CAPITAL","101-A","0","10","2024","0","0","O","PDR","2",,"-1",,NULL,"0",NULL,"0",NULL
"183","3101-01-00","PAID UP CAPITAL","101-A","0","10","2024","0","0","O","PDR","4",,"-1",,NULL,,NULL,"0",NULL
"184","3101-01-01","PAID UP CAPITAL - CHO YONG RAE, MR","101-A","0","10","2024","0","0","O","PDR","5",,"-1",,NULL,"0",NULL,"0",NULL
"185","3101-01-02","PAID UP CAPITAL - NAGA PACIFIC .PT","101-A","0","10","2024","0","0","O","PDR","5",,"-1",,NULL,,NULL,"0",NULL
"186","3101-01-03","PAID UP CAPITAL - TADAO MAURA, MR","101-A","0","10","2024","0","0","O","PDR","5",,"-1",,NULL,"0",NULL,"0",NULL
"187","3101-01-04","PAID UP CAIPTAL - HARRY WIDJAJA, MR","101-A","0","10","2024","0","0","O","PDR","5",,"-1",,NULL,,NULL,"0",NULL
"188","3101-01-05","PAID UP CAPITAL - MASRIAN, MR","101-A","0","10","2024","0","0","O","PDR","5",,"-1",,NULL,,NULL,"0",NULL
"189","3101-01-06","PAID UP CAPITAL - POHANDI DJAMMILAH, MR","101-A","0","10","2024","0","0","O","PDR","5",,"-1",,NULL,"0",NULL,"0",NULL
"190","3101-01-07","PAID UP CAPITAL - KALIM TANDANU, MR","101-A","0","10","2024","0","0","O","PDR","5",,"-1",,NULL,,NULL,"0",NULL
"191","3101-01-08","PAID UP CAPITAL - AMIR ANTOLIS, MR","101-A","0","10","2024","0","0","O","PDR","5",,"-1",,NULL,"0",NULL,"0",NULL
"192","3101-01-09","PAID UP CAPITAL - PANATA KUSUMAWARDANA,","101-A","0","10","2024","0","0","O","PDR","5",,"-1",,NULL,,NULL,"0",NULL
"193","3101-01-10","PAID UP CAPITAL - KAZUHITO MAKIMURA, MR","101-A","0","10","2024","0","0","O","HPT","5",,"1",,NULL,,NULL,"0",NULL
"194","3102-00-00","HISTORICAL BALANCE","101-A","0","10","2024","0","0","O","HPT","3",,"1",,NULL,,NULL,"0",NULL
"195","3102-01-00","FIXED ASSETS REVALUATION RESULT","101-A","0","10","2024","0","0","O","HPT","4",,"1",,NULL,,NULL,"0",NULL
"196","3102-01-01","FIXED ASSETS REVALUATION RESULT","101-A","0","10","2024","0","0","O","HPT","5",,"1",,NULL,,NULL,"0",NULL
"197","3102-02-00","DEVIDEN","101-A","0","10","2024","0","0","O","HPT","4",,"1",,NULL,,NULL,"0",NULL
"198","3102-02-01","DEVIDEN","101-A","0","10","2024","0","0","O","HPT","5",,"1",,NULL,,NULL,"0",NULL
"199","3801-00-00","RETAINED EARNING","101-A","0","10","2024","0","0","O","HPT","3",,"1",,NULL,,NULL,"0",NULL
"200","3801-01-00","RETAINED EARNING LAST YEAR","101-A","0","10","2024","0","0","O","HPT","4",,"1",,NULL,,NULL,"0",NULL
"201","3801-01-01","RETAINED EARNING LAST YEAR","101-A","0","10","2024","0","0","O","HPT","5",,"1",,NULL,,NULL,"0",NULL
"202","3801-02-01","RETAINED EARNING CURRENT YEAR","101-A","0","10","2024","0","0","O","HPT","4",,"1",,NULL,,NULL,"0",NULL
"203","3801-02-01","RETAINED EARNING CURRENT YEAR","101-A","0","10","2024","0","0","O","HPT","5",,"1",,NULL,,NULL,"0",NULL
"204","3901-00-00","PROFIT/(LOSS) CARRY FORWARD","101-A","0","10","2024","0","0","O","HPT","3",,"1",,NULL,,NULL,"0",NULL
"205","3901-01-00","PROFIT/(LOSS) CARRY FORWARD","101-A","0","10","2024","0","0","O","HPT","4",,"1",,NULL,,NULL,"0",NULL
"206","3901-01-01","PROFIT/(LOSS) CARRY FORWARD","101-A","0","10","2024","0","0","O","HPT","5",,"1",,NULL,,NULL,"0",NULL
"207","4000-00-00","REVENUE","101-A","0","10","2024","0","0","O","HPT","1",,"1",,NULL,,NULL,"0",NULL
"208","4100-00-00","REVENUE","101-A","0","10","2024","0","0","O","HPT","2",,"1",,NULL,,NULL,"0",NULL
"209","4101-00-00","REVENUE","101-A","0","10","2024","0","0","O","HPT","3",,"1",,NULL,,NULL,"0",NULL
"210","4101-01-00","REVENUE","101-A","0","10","2024","0","0","O","HPT","4",,"1",,NULL,,NULL,"0",NULL
"211","4101-01-01","SALES","101-A","0","10","2024","0","0","O","HPT","5",,"1",,NULL,,NULL,"0",NULL
"212","4101-01-02","SLITTING SERVICE INCOMES","101-A","0","10","2024","0","0","O","HPT","5",,"1",,NULL,,NULL,"0",NULL
"213","4101-01-03","SHEARING SERVICE INCOMES","101-A","0","10","2024","0","0","O","HPT","5",,"1",,NULL,,NULL,"0",NULL
"214","4101-01-04","OTHER SERVICE INCOMES","101-A","0","10","2024","0","0","O","HPT","5",,"1",,NULL,,NULL,"0",NULL
"215","4101-01-05","SALES RETURN&REJECT","101-A","0","10","2024","0","0","O","HPT","5",,"1",,NULL,,NULL,"0",NULL
"216","4101-01-06","SALES DISCOUNT","101-A","0","10","2024","0","0","O","HPT","5",,"1",,NULL,,NULL,"0",NULL
"217","4101-01-07","SALES TERM DISCOUNT IDR","101-A","0","10","2024","0","0","O","HPT","5",,"1",,NULL,,NULL,"0",NULL
"218","5000-00-00","COST OF GOODS SOLD","101-A","0","10","2024","0","0","O","HPT","1",,"1",,NULL,,NULL,"0",NULL
"219","5100-00-00","COST OF GOODS SOLD","101-A","0","10","2024","0","0","O","HPT","2",,"1",,NULL,,NULL,"0",NULL
"220","5101-00-00","COST OF PRODUCT","101-A","0","10","2024","0","0","O","HPT","3",,"1",,NULL,,NULL,"0",NULL
"221","5101-01-00","COST OF PRODUCT","101-A","0","10","2024","0","0","O","HPT","4",,"1",,NULL,,NULL,"0",NULL
"222","5101-01-01","BRASS STRIP","101-A","0","10","2024","0","0","O","HPT","5",,"1",,NULL,,NULL,"0",NULL
"223","5101-01-02","PHOSPOR BRONZE","101-A","0","10","2024","0","0","O","HPT","5",,"1",,NULL,,NULL,"0",NULL
"224","5101-01-03","STAINLESS STEEL","101-A","0","10","2024","0","0","O","HPT","5",,"1",,NULL,,NULL,"0",NULL
"225","5101-01-04","COPPER Ag PLATING","101-A","0","10","2024","0","0","O","HPT","5",,"1",,NULL,,NULL,"0",NULL
"226","5101-01-05","FE/BS ROUNDBARS","101-A","0","10","2024","0","0","O","HPT","5",,"1",,NULL,,NULL,"0",NULL
"227","5101-01-06","STEEL","101-A","0","10","2024","0","0","O","HPT","5",,"1",,NULL,,NULL,"0",NULL
"228","5101-01-07","BRASS STRIP TIN PLATE","101-A","0","10","2024","0","0","O","HPT","5",,"1",,NULL,,NULL,"0",NULL
"229","5101-01-08","COPPER Ag PLATING","101-A","0","10","2024","0","0","O","HPT","5",,"1",,NULL,,NULL,"0",NULL
"230","5102-00-00","COST OF SCRAP","101-A","0","10","2024","0","0","O","HPT","3",,"1",,NULL,,NULL,"0",NULL
"231","5102-01-00","COST OF SCRAP","101-A","0","10","2024","0","0","O","HPT","4",,"1",,NULL,,NULL,"0",NULL
"232","5102-01-01","SCRAP - BSR","101-A","0","10","2024","0","0","O","HPT","5",,"1",,NULL,,NULL,"0",NULL
"233","5102-01-02","SCRAP - CU","101-A","0","10","2024","0","0","O","HPT","5",,"1",,NULL,,NULL,"0",NULL
"234","5102-01-03","SCRAP - PBS","101-A","0","10","2024","0","0","O","HPT","5",,"1",,NULL,,NULL,"0",NULL
"235","5102-01-04","SCRAP - SUS","101-A","0","10","2024","0","0","O","HPT","5",,"1",,NULL,,NULL,"0",NULL
"236","5102-01-05","SCRAP - STEEL","101-A","0","10","2024","0","0","O","HPT","5",,"1",,NULL,,NULL,"0",NULL
"237","5102-01-06","SCRAP - AL","101-A","0","10","2024","0","0","O","HPT","5",,"1",,NULL,,NULL,"0",NULL
"238","5103-00-00","COST OF SLITTING","101-A","0","10","2024","0","0","O","HPT","3",,"1",,NULL,,NULL,"0",NULL
"239","5103-01-00","COST OF SLITTING","101-A","0","10","2024","0","0","O","HPT","4",,"1",,NULL,,NULL,"0",NULL
"240","5103-01-02","SLITTING COST","101-A","0","10","2024","0","0","O","HPT","5",,"1",,NULL,,NULL,"0",NULL
"241","5105-00-00","DIFFERENT UNBILLED ACCOUNT","101-A","0","10","2024","0","0","O","HPT","3",,"1",,NULL,,NULL,"0",NULL
"242","5105-01-00","DIFFERENT UNBILLED ACCOUNT","101-A","0","10","2024","0","0","O","HPT","4",,"1",,NULL,,NULL,"0",NULL
"243","5105-01-01","DIFFERENT UNBILLED ACCOUNT","101-A","0","10","2024","0","0","O","HPT","5",,"1",,NULL,,NULL,"0",NULL
"244","5106-00-00","COMMODITY EXPENSES","101-A","0","10","2024","0","0","O","HPT","3",,"1",,NULL,,NULL,"0",NULL
"245","5106-01-00","COMMODITY EXPENSES","101-A","0","10","2024","0","0","O","HPT","4",,"1",,NULL,,NULL,"0",NULL
"246","5106-01-01","SUPPLIES EXPENSE","101-A","0","10","2024","0","0","O","HPT","5",,"1",,NULL,,NULL,"0",NULL
"247","5106-01-02","SPARE PARTS EXPENSE","101-A","0","10","2024","0","0","O","HPT","5",,"1",,NULL,,NULL,"0",NULL
"248","5106-01-03","WATER AND ELECTRICITY EXPENSE","101-A","0","10","2024","0","0","O","HPT","5",,"1",,NULL,,NULL,"0",NULL
"249","5106-01-04","IMPORT DUTY (BEA MASUK)","101-A","0","10","2024","0","0","O","HPT","5",,"1",,NULL,,NULL,"0",NULL
"250","5106-01-05","EXP/IMP HANDLING CHARGES","101-A","0","10","2024","0","0","O","HPT","5",,"1",,NULL,,NULL,"0",NULL
"251","5106-01-06","CARGO INSURANCE EXPENSE","101-A","0","10","2024","0","0","O","HPT","5",,"1",,NULL,,NULL,"0",NULL
"252","5106-01-07","SHEARING SERVICE EXPENSE","101-A","0","10","2024","0","0","O","HPT","5",,"1",,NULL,,NULL,"0",NULL
"253","5106-01-09","OTHERS PRODUCTION EXPENSE","101-A","0","10","2024","0","0","O","HPT","5",,"1",,NULL,,NULL,"0",NULL
"254","5107-00-00","LABOR EXPENSES","101-A","0","10","2024","0","0","O","HPT","3",,"1",,NULL,,NULL,"0",NULL
"255","5107-01-00","LABOR EXPENSES","101-A","0","10","2024","0","0","O","HPT","4",,"1",,NULL,,NULL,"0",NULL
"256","5107-01-01","DIRECT SALARY AND WAGES EXPENSE","101-A","0","10","2024","0","0","O","HPT","5",,"1",,NULL,,NULL,"0",NULL
"257","5107-01-02","DIRECT OVERTIME EXPENSE","101-A","0","10","2024","0","0","O","HPT","5",,"1",,NULL,,NULL,"0",NULL
"258","5107-01-03","DIRECT TRANSPORT ALLOWANCE","101-A","0","10","2024","0","0","O","HPT","5",,"1",,NULL,,NULL,"0",NULL
"259","5107-01-04","DIRECT MEAL ALLOWANCE","101-A","0","10","2024","0","0","O","HPT","5",,"1",,NULL,,NULL,"0",NULL
"260","5107-01-05","DIRECT BONUS/THR ALLOWANCE","101-A","0","10","2024","0","0","O","HPT","5",,"1",,NULL,,NULL,"0",NULL
"261","5107-01-06","DIRECT PRESENCE ALLOWANCE","101-A","0","10","2024","0","0","O","HPT","5",,"1",,NULL,,NULL,"0",NULL
"262","5107-01-08","DIRECT OTHERS ALLOWANCE","101-A","0","10","2024","0","0","O","HPT","5",,"1",,NULL,,NULL,"0",NULL
"263","5107-01-09","INDIRECT SALARY AND WAGES EXPENSE","101-A","0","10","2024","0","0","O","HPT","5",,"1",,NULL,,NULL,"0",NULL
"264","5107-01-10","INDIRECT OVERTIME EXPENSE","101-A","0","10","2024","0","0","O","HPT","5",,"1",,NULL,,NULL,"0",NULL
"265","5107-01-11","INDIRECT TRANSPORT ALLOWANCE","101-A","0","10","2024","0","0","O","HPT","5",,"1",,NULL,,NULL,"0",NULL
"266","5107-01-12","INDIRECT MEAL ALLOWANCE","101-A","0","10","2024","0","0","O","HPT","5",,"1",,NULL,,NULL,"0",NULL
"267","5107-01-13","INDIRECT BONUS/THR ALLOWANCE","101-A","0","10","2024","0","0","O","HPT","5",,"1",,NULL,,NULL,"0",NULL
"268","5107-01-14","INDIRECT PRESENCE ALLOWANCE","101-A","0","10","2024","0","0","O","HPT","5",,"1",,NULL,,NULL,"0",NULL
"269","5107-01-15","INDIRECT OTHERS ALLOWANCE","101-A","0","10","2024","0","0","O","HPT","5",,"1",,NULL,,NULL,"0",NULL
"270","5108-00-00","SUPPLEMENT EXPENSES","101-A","0","10","2024","0","0","O","HPT","3",,"1",,NULL,,NULL,"0",NULL
"271","5108-01-00","SUPPLEMENT EXPENSES","101-A","0","10","2024","0","0","O","HPT","4",,"1",,NULL,,NULL,"0",NULL
"272","5108-01-01","PRODUCT SAMPLE COST","101-A","0","10","2024","0","0","O","HPT","5",,"1",,NULL,,NULL,"0",NULL
"273","5108-01-02","REPAIRING AND MAINTENANCE EXPENSE - PARTS","101-A","0","10","2024","0","0","O","HPT","5",,"1",,NULL,,NULL,"0",NULL
"274","5108-01-03","REPAIRING AND MAINTENANCE EXPENSE - SERVICE","101-A","0","10","2024","0","0","O","HPT","5",,"1",,NULL,,NULL,"0",NULL
"275","5108-01-04","TOOLING & TOOLING INSPECTION EXPENSE","101-A","0","10","2024","0","0","O","HPT","5",,"1",,NULL,,NULL,"0",NULL
"276","5108-01-05","INSURANCE EXPENSE","101-A","0","10","2024","0","0","O","HPT","5",,"1",,NULL,,NULL,"0",NULL
"277","5108-01-06","DELIVERY EXPENSE","101-A","0","10","2024","0","0","O","HPT","5",,"1",,NULL,,NULL,"0",NULL
"278","5108-01-09","SOCIAL EXPENSE","101-A","0","10","2024","0","0","O","HPT","5",,"1",,NULL,,NULL,"0",NULL
"279","5108-01-11","STATIONARY EXPENSE","101-A","0","10","2024","0","0","O","BPT","5",,"1",,NULL,,NULL,"0",NULL
"280","5108-01-14","TRAINING EXPENSE","101-A","0","10","2024","0","0","O","BPT","5",,"1",,NULL,,NULL,"0",NULL
"281","5108-01-15","UNIFORM EXPENSE","101-A","0","10","2024","0","0","O","BPT","5",,"1",,NULL,,NULL,"0",NULL
"282","5108-01-16","RENTAL EXPENSE","101-A","0","10","2024","0","0","O","BPT","5",,"1",,NULL,,NULL,"0",NULL
"283","5108-01-17","INSTALLATION EXPENSE","101-A","0","10","2024","0","0","O","BPT","5",,"1",,NULL,,NULL,"0",NULL
"284","5108-01-18","HEAT TREATMENT ANNEALING EXPENSE","101-A","0","10","2024","0","0","O","BPT","5",,"1",,NULL,,NULL,"0",NULL
"285","5108-01-19","RIGHT OF USE ASSETS DEPR EXPENSE","101-A","0","10","2024","0","0","O","BPT","5",,"1",,NULL,,NULL,"0",NULL
"286","5108-01-20","OTHER EXPENSE","101-A","0","10","2024","0","0","O","BPT","5",,"1",,NULL,,NULL,"0",NULL
"287","5109-00-00","DEPRECIATION EXPENSE","101-A","0","10","2024","0","0","O","BPT","3",,"1",,NULL,,NULL,"0",NULL
"288","5109-01-00","DEPRECIATION EXPENSE","101-A","0","10","2024","0","0","O","BPT","4",,"1",,NULL,,NULL,"0",NULL
"289","5109-01-01","PROPERTY/BUILDINGS DEPR EXP","101-A","0","10","2024","0","0","O","BPT","5",,"1",,NULL,,NULL,"0",NULL
"290","5109-01-02","MACHINES DEPR EXPENSE","101-A","0","10","2024","0","0","O","BPT","5",,"1",,NULL,,NULL,"0",NULL
"291","5109-01-03","PRODUCTION TOOLS DEPR EXPENSE","101-A","0","10","2024","0","0","O","BPT","5",,"1",,NULL,,NULL,"0",NULL
"292","5109-01-04","VEHICLES DEPR EXPENSE","101-A","0","10","2024","0","0","O","BPT","5",,"1",,NULL,,NULL,"0",NULL
"293","5110-00-00","FAVORABLE/UNFAVORABLE EXPENSES","101-A","0","10","2024","0","0","O","BPT","3",,"1",,NULL,,NULL,"0",NULL
"294","5110-01-00","FAVORABLE/UNFAVORABLE EXPENSES","101-A","0","10","2024","0","0","O","BPT","4",,"1",,NULL,,NULL,"0",NULL
"295","5110-01-01","FAVORABLE/UNFAVORABLE COMMODITY EXPENSES","101-A","0","10","2024","0","0","O","BPT","5",,"1",,NULL,,NULL,"0",NULL
"296","5110-01-02","FAVORABLE/UNFAVORABLE LABOR EXPENSES","101-A","0","10","2024","0","0","O","BPT","5",,"1",,NULL,,NULL,"0",NULL
"297","5110-01-03","FAVORABLE/UNFAVORABLE SUPPLEMENT EXPENSES","101-A","0","10","2024","0","0","O","BPT","5",,"1",,NULL,,NULL,"0",NULL
"298","5110-01-04","FAVORABLE/UNFAVORABLE DEPRECIATION EXPENSES","101-A","0","10","2024","0","0","O","BPT","5",,"1",,NULL,,NULL,"0",NULL
"299","6000-00-00","OPERATING EXPENSE","101-A","0","10","2024","0","0","O","BPT","1",,"1",,NULL,,NULL,"0",NULL
"300","6100-00-00","OPERATING EXPENSE","101-A","0","10","2024","0","0","O","BPT","2",,"1",,NULL,,NULL,"0",NULL
"301","6101-00-00","COMMODITY EXPENSES","101-A","0","10","2024","0","0","O","BPT","3",,"1",,NULL,,NULL,"0",NULL
"302","6101-01-00","COMMODITY EXPENSES","101-A","0","10","2024","0","0","O","BPT","4",,"1",,NULL,,NULL,"0",NULL
"303","6101-01-01","WATER AND ELECTRICITY EXPENSE","101-A","0","10","2024","0","0","O","BPT","5",,"1",,NULL,,NULL,"0",NULL
"304","6102-00-00","LABOR EXPENSES","101-A","0","10","2024","0","0","O","BPT","3",,"1",,NULL,,NULL,"0",NULL
"305","6102-01-00","LABOR EXPENSES","101-A","0","10","2024","0","0","O","BPT","4",,"1",,NULL,,NULL,"0",NULL
"306","6102-01-01","SALARY AND WAGES EXPENSE","101-A","0","10","2024","0","0","O","BPT","5",,"1",,NULL,,NULL,"0",NULL
"307","6102-01-02","OVERTIME EXPENSE","101-A","0","10","2024","0","0","O","BPT","5",,"1",,NULL,,NULL,"0",NULL
"308","6102-01-03","TRANSPORT ALLOWANCE","101-A","0","10","2024","0","0","O","BPT","5",,"1",,NULL,,NULL,"0",NULL
"309","6102-01-04","MEAL ALLOWANCE","101-A","0","10","2024","0","0","O","BPT","5",,"1",,NULL,,NULL,"0",NULL
"310","6102-01-05","BONUS/THR ALLOWANCE","101-A","0","10","2024","0","0","O","BPT","5",,"1",,NULL,,NULL,"0",NULL
"311","6102-01-06","MEDICAL ALLOWANCE","101-A","0","10","2024","0","0","O","BPT","5",,"1",,NULL,,NULL,"0",NULL
"312","6102-01-07","PRESENCE ALLOWANCE","101-A","0","10","2024","0","0","O","BPT","5",,"1",,NULL,,NULL,"0",NULL
"313","6102-01-09","OTHER ALLOWANCES","101-A","0","10","2024","0","0","O","BPT","5",,"1",,NULL,,NULL,"0",NULL
"314","6103-00-00","SUPPLEMENT EXPENSES","101-A","0","10","2024","0","0","O","BPT","3",,"1",,NULL,,NULL,"0",NULL
"315","6103-01-00","SUPPLEMENT EXPENSES","101-A","0","10","2024","0","0","O","BPT","4",,"1",,NULL,,NULL,"0",NULL
"316","6103-01-01","REPAIRING AND MAINTENANCE EXPENSE","101-A","0","10","2024","0","0","O","BPT","5",,"1",,NULL,,NULL,"0",NULL
"317","6103-01-02","INSURANCE EXPENSE","101-A","0","10","2024","0","0","O","BPT","5",,"1",,NULL,,NULL,"0",NULL
"318","6103-01-03","DELIVERY EXPENSE","101-A","0","10","2024","0","0","O","BPT","5",,"1",,NULL,,NULL,"0",NULL
"319","6103-01-04","COMMUNICATION EXPENSE","101-A","0","10","2024","0","0","O","BPT","5",,"1",,NULL,,NULL,"0",NULL
"320","6103-01-06","SOCIAL EXPENSE","101-A","0","10","2024","0","0","O","BPT","5",,"1",,NULL,,NULL,"0",NULL
"321","6103-01-07","PROFESSIONAL EXPENSE","101-A","0","10","2024","0","0","O","BPT","5",,"1",,NULL,,NULL,"0",NULL
"322","6103-01-08","STATIONARY EXPENSE","101-A","0","10","2024","0","0","O","BPT","5",,"1",,NULL,,NULL,"0",NULL
"323","6103-01-10","SUBSCRIPTION EXPENSE","101-A","0","10","2024","0","0","O","BPT","5",,"1",,NULL,,NULL,"0",NULL
"324","6103-01-11","TRAINING EXPENSE","101-A","0","10","2024","0","0","O","BPT","5",,"1",,NULL,,NULL,"0",NULL
"325","6103-01-12","UNIFORM EXPENSE","101-A","0","10","2024","0","0","O","BPT","5",,"1",,NULL,,NULL,"0",NULL
"326","6103-01-13","UNCREDITABLE EXPENSE","101-A","0","10","2024","0","0","O","BPT","5",,"1",,NULL,,NULL,"0",NULL
"327","6103-01-15","SOFTWARE LICENSE  EXPENSE","101-A","0","10","2024","0","0","O","BPT","5",,"1",,NULL,,NULL,"0",NULL
"328","6103-01-16","COURRIER EXPENSE","101-A","0","10","2024","0","0","O","BPT","5",,"1",,NULL,,NULL,"0",NULL
"329","6103-01-18","INTERNET SERVICE CHARGE","101-A","0","10","2024","0","0","O","BPT","5",,"1",,NULL,,NULL,"0",NULL
"330","6103-01-19","HOTEL & ACCOMODATION EXPENSE","101-A","0","10","2024","0","0","O","BPT","5",,"1",,NULL,,NULL,"0",NULL
"331","6103-01-23","ADVERTISING EXPENSE","101-A","0","10","2024","0","0","O","BPT","5",,"1",,NULL,,NULL,"0",NULL
"332","6103-01-24","RECRUITMENT EXPENSE","101-A","0","10","2024","0","0","O","BPT","5",,"1",,NULL,,NULL,"0",NULL
"333","6103-01-25","LICENCE EXPENSE","101-A","0","10","2024","0","0","O","BPT","5",,"1",,NULL,,NULL,"0",NULL
"334","6103-01-26","INSTALLATION EXPENSE","101-A","0","10","2024","0","0","O","BPT","5",,"1",,NULL,,NULL,"0",NULL
"335","6103-01-27","RENTAL EXPENSE","101-A","0","10","2024","0","0","O","BPT","5",,"1",,NULL,,NULL,"0",NULL
"336","6103-01-28","OFFICE SUPPLIES EXPENSE","101-A","0","10","2024","0","0","O","BPT","5",,"1",,NULL,,NULL,"0",NULL
"337","6103-01-29","MARKETING EXPENSE","101-A","0","10","2024","0","0","O","BPT","5",,"1",,NULL,,NULL,"0",NULL
"338","6103-01-30","POST EMPLOYMENT BENEFIT","101-A","0","10","2024","0","0","O","PLL","5",,"-1",,NULL,,NULL,"0",NULL
"339","6103-01-33","MATERIAL TESTING FEE","101-A","0","10","2024","0","0","O","PLL","5",,"-1",,NULL,,NULL,"0",NULL
"340","6103-01-37","RIGHT OF USE ASSETS DEPR EXPENSE","101-A","0","10","2024","0","0","O","PLL","5",,"-1",,NULL,,NULL,"0",NULL
"341","6103-01-38","MEAL EXPENSES - NATURA","101-A","0","10","2024","0","0","O","PLL","5",,"-1",,NULL,,NULL,"0",NULL
"342","6103-01-39","OTHERS ADMINISTRATION","101-A","0","10","2024","0","0","O","PLL","5",,"-1",,NULL,,NULL,"0",NULL
"343","6104-00-00","DEPRECIATION EXPENSE","101-A","0","10","2024","0","0","O","PLL","3",,"-1",,NULL,,NULL,"0",NULL
"344","6104-01-01","DEPRECIATION EXPENSE","101-A","0","10","2024","0","0","O","PLL","4",,"-1",,NULL,,NULL,"0",NULL
"345","6104-01-01","PROPERTY/BULIDINGS DEPR EXP","101-A","0","10","2024","0","0","O","PLL","5",,"-1",,NULL,,NULL,"0",NULL
"346","6104-01-02","OFFICE EQUIPMENTS DEPR EXPENSE","101-A","0","10","2024","0","0","O","PLL","5",,"-1",,NULL,,NULL,"0",NULL
"347","6104-01-03","VEHICLES DEPR EXPENSE","101-A","0","10","2024","0","0","O","PLL","5",,"-1",,NULL,,NULL,"0",NULL
"348","7000-00-00","GAIN & LOSS FROM NON OPERATION EXP","101-A","0","10","2024","0","0","O","PLL","1",,"-1",,NULL,,NULL,"0",NULL
"349","7100-00-00","GAIN & LOSS FROM NON OPERATION EXP","101-A","0","10","2024","0","0","O","PLL","2",,"-1",,NULL,,NULL,"0",NULL
"350","7101-00-00","GAIN FROM NON OPERATION EXP","101-A","0","10","2024","0","0","O","PLL","3",,"-1",,NULL,,NULL,"0",NULL
"351","7101-01-00","GAIN FROM NON OPERATION EXP","101-A","0","10","2024","0","0","O","PLL","4",,"-1",,NULL,,NULL,"0",NULL
"352","7101-01-01","INTEREST INCOME","101-A","0","10","2024","0","0","O","BLL","5",,"1",,NULL,,NULL,"0",NULL
"353","7101-01-02","INVESTMENT INCOME","101-A","0","10","2024","0","0","O","BLL","5",,"1",,NULL,,NULL,"0",NULL
"354","7101-01-03","MISC. INCOME","101-A","0","10","2024","0","0","O","BLL","5",,"1",,NULL,,NULL,"0",NULL
"355","7101-01-04","GAIN ON SALES OF FIXED ASSETS","101-A","0","10","2024","0","0","O","BLL","5",,"1",,NULL,,NULL,"0",NULL
"356","7101-01-08","REVERSAL OF IMPAIRMENT RECEIVABLES","101-A","0","10","2024","0","0","O","BLL","5",,"1",,NULL,,NULL,"0",NULL
"357","7200-00-00","LOSS FROM NON OPERATION EXP","101-A","0","10","2024","0","0","O","BLL","3",,"1",,NULL,,NULL,"0",NULL
"358","7201-00-00","LOSS FROM NON OPERATION EXP","101-A","0","10","2024","0","0","O","BLL","3",,"1",,NULL,,NULL,"0",NULL
"359","7201-01-00","LOSS FROM NON OPERATION EXP","101-A","0","10","2024","0","0","O","BLL","4",,"1",,NULL,,NULL,"0",NULL
"360","7201-01-01","LOAN INTEREST","101-A","0","10","2024","0","0","O","BLL","5",,"1",,NULL,,NULL,"0",NULL
"361","7201-01-02","ROYALTY EXPENSE","101-A","0","10","2024","0","0","O","BLL","5",,"1",,NULL,,NULL,"0",NULL
"362","7201-01-03","ADM BANK CHARGE","101-A","0","10","2024","0","0","O","BLL","5",,"1",,NULL,,NULL,"0",NULL
"363","7201-01-04","OTHER EXPENSE - SLOW MOVING","101-A","0","10","2024","0","0","O","BLL","5",,"1",,NULL,,NULL,"0",NULL
"364","7201-01-05","OTHERS LOSS","101-A","0","10","2024","0","0","O","BLL","5",,"1",,NULL,,NULL,"0",NULL
"365","7201-01-06","LOSS ON SALES OF FIXED ASSETS","101-A","0","10","2024","0","0","O","BLL","5",,"1",,NULL,,NULL,"0",NULL
"366","7201-01-07","INTEREST EXP","101-A","0","10","2024","0","0","O","BLL","5",,"1",,NULL,,NULL,"0",NULL
"367","7201-01-08","BAD DEBT EXPENSES","101-A","0","10","2024","0","0","O","BLL","5",,"1",,NULL,,NULL,"0",NULL
"368","7201-01-09","INTEREST INCOME TAX","101-A","0","10","2024","0","0","O","BLL","5",,"1",,NULL,,NULL,"0",NULL
"369","7201-01-10","TAX EXPENSES","101-A","0","10","2024","0","0","O","BLL","5",,"1",,NULL,,NULL,"0",NULL
"370","7201-01-11","CHARGES FROM SIAM POONGSAN","101-A","0","10","2024","0","0","O","BLL","5",,"1",,NULL,,NULL,"0",NULL
"371","7201-01-12","REALIZE GAIN OR LOSS","101-A","0","10","2024","0","0","O","BLL","5",,"1",,NULL,,NULL,"0",NULL
"372","7201-01-13","UNREALIZE GAIN OR LOSS","101-A","0","10","2024","0","0","O","BLL","5",,"1",,NULL,,NULL,"0",NULL
"373","8000-00-00","CORPORATE TAX","101-A","0","10","2024","0","0","O","BLL","1",,"1",,NULL,,NULL,"0",NULL
"374","8100-00-00","CORPORATE TAX","101-A","0","10","2024","0","0","O","BLL","2",,"1",,NULL,,NULL,"0",NULL
"375","8101-00-00","INCOME TAX","101-A","0","10","2024","0","0","O","BLL","3",,"1",,NULL,,NULL,"0",NULL
"376","8101-01-00","INCOME TAX","101-A","0","10","2024","0","0","O","BLL","4",,"1",,NULL,,NULL,"0",NULL
"377","8101-01-01","INCOME TAX","101-A","0","10","2024","0","0","O","BLL","5",,"1",,NULL,,NULL,"0",NULL
"378","8102-00-00","DEFERRED TAX INCOME / (EXPENSES)","101-A","0","10","2024","0","0","O","BLL","3",,"1",,NULL,,NULL,"0",NULL
"379","8102-01-00","DEFERRED TAX INCOME / (EXPENSES)","101-A","0","10","2024","0","0","O","BLL","4",,"1",,NULL,,NULL,"0",NULL
"380","8102-01-01","DEFERRED TAX INCOME / (EXPENSES)","101-A","0","10","2024","0","0","O","BLL","5",,"1",,NULL,,NULL,"0",NULL
"381","8103-00-00","OTHER COMPERHENSIVE INCOME","101-A","0","10","2024","0","0","O","BLL","3",,"1",,NULL,,NULL,"0",NULL
"382","8103-01-00","OTHER COMPERHENSIVE INCOME","101-A","0","10","2024","0","0","O","BLL","4",,"1",,NULL,,NULL,"0",NULL
"383","8103-01-01","OTHER COMPERHENSIVE INCOME","101-A","0","10","2024","0","0","O","BLL","5",,"1",,NULL,,NULL,"0",NULL
"384","8104-00-00","OTHER COMPERHENSIVE EXPENSES","101-A","0","10","2024","0","0","O","BLL","3",,"1",,NULL,,NULL,"0",NULL
"385","8104-01-00","OTHER COMPERHENSIVE EXPENSES","101-A","0","10","2024","0","0","O","BLL","4",,"1",,NULL,,NULL,"0",NULL
"386","8104-01-01","OTHER COMPERHENSIVE EXPENSES","101-A","0","10","2024","0","0","O","BLL","5",,"1",,NULL,,NULL,"0",NULL
